dn,nps,outer_diameter_mm,standard_id,standard_version,source_pdf_sha256,physical_page,source_table_asset_id,source_row_1based,source_page_reconstruction_sha256,source_table_csv_sha256,reuse_class,qa_status,application_boundary
15,1/2,21.3,GB/T 12459-2025,2025,C9655E2A265FC6A80A09DA58C01D7BCDC8E8A4051D036E780E2314B88D63D094,9,std_gb_t_12459_2025:p0009:t02,4,82A0B0A53FADF476595D1C45979B302368C87B6EF2636E0AC384641A84DE7FDD,CC7ADD2ED387A9C9048D2B182B36905C2C3F3F736C6655417F41319D4E17FECC,DIRECT_REUSE_VERIFIED,VERIFIED_SOURCE_CELL_AND_DETERMINISTIC_NORMALIZATION,DN-to-D mapping only; wall thickness and pressure rating require separate design
20,3/4,26.9,GB/T 12459-2025,2025,C9655E2A265FC6A80A09DA58C01D7BCDC8E8A4051D036E780E2314B88D63D094,9,std_gb_t_12459_2025:p0009:t02,5,82A0B0A53FADF476595D1C45979B302368C87B6EF2636E0AC384641A84DE7FDD,CC7ADD2ED387A9C9048D2B182B36905C2C3F3F736C6655417F41319D4E17FECC,DIRECT_REUSE_VERIFIED,VERIFIED_SOURCE_CELL_AND_DETERMINISTIC_NORMALIZATION,DN-to-D mapping only; wall thickness and pressure rating require separate design
25,1,33.7,GB/T 12459-2025,2025,C9655E2A265FC6A80A09DA58C01D7BCDC8E8A4051D036E780E2314B88D63D094,9,std_gb_t_12459_2025:p0009:t02,6,82A0B0A53FADF476595D1C45979B302368C87B6EF2636E0AC384641A84DE7FDD,CC7ADD2ED387A9C9048D2B182B36905C2C3F3F736C6655417F41319D4E17FECC,DIRECT_REUSE_VERIFIED,VERIFIED_SOURCE_CELL_AND_DETERMINISTIC_NORMALIZATION,DN-to-D mapping only; wall thickness and pressure rating require separate design
32,1 1/4,42.4,GB/T 12459-2025,2025,C9655E2A265FC6A80A09DA58C01D7BCDC8E8A4051D036E780E2314B88D63D094,9,std_gb_t_12459_2025:p0009:t02,7,82A0B0A53FADF476595D1C45979B302368C87B6EF2636E0AC384641A84DE7FDD,CC7ADD2ED387A9C9048D2B182B36905C2C3F3F736C6655417F41319D4E17FECC,DIRECT_REUSE_VERIFIED,VERIFIED_SOURCE_CELL_AND_DETERMINISTIC_NORMALIZATION,DN-to-D mapping only; wall thickness and pressure rating require separate design
40,1 1/2,48.3,GB/T 12459-2025,2025,C9655E2A265FC6A80A09DA58C01D7BCDC8E8A4051D036E780E2314B88D63D094,9,std_gb_t_12459_2025:p0009:t02,8,82A0B0A53FADF476595D1C45979B302368C87B6EF2636E0AC384641A84DE7FDD,CC7ADD2ED387A9C9048D2B182B36905C2C3F3F736C6655417F41319D4E17FECC,DIRECT_REUSE_VERIFIED,VERIFIED_SOURCE_CELL_AND_DETERMINISTIC_NORMALIZATION,DN-to-D mapping only; wall thickness and pressure rating require separate design
50,2,60.3,GB/T 12459-2025,2025,C9655E2A265FC6A80A09DA58C01D7BCDC8E8A4051D036E780E2314B88D63D094,9,std_gb_t_12459_2025:p0009:t02,9,82A0B0A53FADF476595D1C45979B302368C87B6EF2636E0AC384641A84DE7FDD,CC7ADD2ED387A9C9048D2B182B36905C2C3F3F736C6655417F41319D4E17FECC,DIRECT_REUSE_VERIFIED,VERIFIED_SOURCE_CELL_AND_DETERMINISTIC_NORMALIZATION,DN-to-D mapping only; wall thickness and pressure rating require separate design
65,2 1/2,73.0,GB/T 12459-2025,2025,C9655E2A265FC6A80A09DA58C01D7BCDC8E8A4051D036E780E2314B88D63D094,9,std_gb_t_12459_2025:p0009:t02,10,82A0B0A53FADF476595D1C45979B302368C87B6EF2636E0AC384641A84DE7FDD,CC7ADD2ED387A9C9048D2B182B36905C2C3F3F736C6655417F41319D4E17FECC,DIRECT_REUSE_VERIFIED,VERIFIED_SOURCE_CELL_AND_DETERMINISTIC_NORMALIZATION,DN-to-D mapping only; wall thickness and pressure rating require separate design
80,3,88.9,GB/T 12459-2025,2025,C9655E2A265FC6A80A09DA58C01D7BCDC8E8A4051D036E780E2314B88D63D094,9,std_gb_t_12459_2025:p0009:t02,11,82A0B0A53FADF476595D1C45979B302368C87B6EF2636E0AC384641A84DE7FDD,CC7ADD2ED387A9C9048D2B182B36905C2C3F3F736C6655417F41319D4E17FECC,DIRECT_REUSE_VERIFIED,VERIFIED_SOURCE_CELL_AND_DETERMINISTIC_NORMALIZATION,DN-to-D mapping only; wall thickness and pressure rating require separate design
90,3 1/2,101.6,GB/T 12459-2025,2025,C9655E2A265FC6A80A09DA58C01D7BCDC8E8A4051D036E780E2314B88D63D094,9,std_gb_t_12459_2025:p0009:t02,12,82A0B0A53FADF476595D1C45979B302368C87B6EF2636E0AC384641A84DE7FDD,CC7ADD2ED387A9C9048D2B182B36905C2C3F3F736C6655417F41319D4E17FECC,DIRECT_REUSE_VERIFIED,VERIFIED_SOURCE_CELL_AND_DETERMINISTIC_NORMALIZATION,DN-to-D mapping only; wall thickness and pressure rating require separate design
100,4,114.3,GB/T 12459-2025,2025,C9655E2A265FC6A80A09DA58C01D7BCDC8E8A4051D036E780E2314B88D63D094,9,std_gb_t_12459_2025:p0009:t02,13,82A0B0A53FADF476595D1C45979B302368C87B6EF2636E0AC384641A84DE7FDD,CC7ADD2ED387A9C9048D2B182B36905C2C3F3F736C6655417F41319D4E17FECC,DIRECT_REUSE_VERIFIED,VERIFIED_SOURCE_CELL_AND_DETERMINISTIC_NORMALIZATION,DN-to-D mapping only; wall thickness and pressure rating require separate design
125,5,141.3,GB/T 12459-2025,2025,C9655E2A265FC6A80A09DA58C01D7BCDC8E8A4051D036E780E2314B88D63D094,9,std_gb_t_12459_2025:p0009:t02,14,82A0B0A53FADF476595D1C45979B302368C87B6EF2636E0AC384641A84DE7FDD,CC7ADD2ED387A9C9048D2B182B36905C2C3F3F736C6655417F41319D4E17FECC,DIRECT_REUSE_VERIFIED,VERIFIED_SOURCE_CELL_AND_DETERMINISTIC_NORMALIZATION,DN-to-D mapping only; wall thickness and pressure rating require separate design
150,6,168.3,GB/T 12459-2025,2025,C9655E2A265FC6A80A09DA58C01D7BCDC8E8A4051D036E780E2314B88D63D094,9,std_gb_t_12459_2025:p0009:t02,15,82A0B0A53FADF476595D1C45979B302368C87B6EF2636E0AC384641A84DE7FDD,CC7ADD2ED387A9C9048D2B182B36905C2C3F3F736C6655417F41319D4E17FECC,DIRECT_REUSE_VERIFIED,VERIFIED_SOURCE_CELL_AND_DETERMINISTIC_NORMALIZATION,DN-to-D mapping only; wall thickness and pressure rating require separate design
200,8,219.1,GB/T 12459-2025,2025,C9655E2A265FC6A80A09DA58C01D7BCDC8E8A4051D036E780E2314B88D63D094,9,std_gb_t_12459_2025:p0009:t02,16,82A0B0A53FADF476595D1C45979B302368C87B6EF2636E0AC384641A84DE7FDD,CC7ADD2ED387A9C9048D2B182B36905C2C3F3F736C6655417F41319D4E17FECC,DIRECT_REUSE_VERIFIED,VERIFIED_SOURCE_CELL_AND_DETERMINISTIC_NORMALIZATION,DN-to-D mapping only; wall thickness and pressure rating require separate design
250,10,273.0,GB/T 12459-2025,2025,C9655E2A265FC6A80A09DA58C01D7BCDC8E8A4051D036E780E2314B88D63D094,9,std_gb_t_12459_2025:p0009:t02,17,82A0B0A53FADF476595D1C45979B302368C87B6EF2636E0AC384641A84DE7FDD,CC7ADD2ED387A9C9048D2B182B36905C2C3F3F736C6655417F41319D4E17FECC,DIRECT_REUSE_VERIFIED,VERIFIED_SOURCE_CELL_AND_DETERMINISTIC_NORMALIZATION,DN-to-D mapping only; wall thickness and pressure rating require separate design
300,12,323.9,GB/T 12459-2025,2025,C9655E2A265FC6A80A09DA58C01D7BCDC8E8A4051D036E780E2314B88D63D094,9,std_gb_t_12459_2025:p0009:t02,18,82A0B0A53FADF476595D1C45979B302368C87B6EF2636E0AC384641A84DE7FDD,CC7ADD2ED387A9C9048D2B182B36905C2C3F3F736C6655417F41319D4E17FECC,DIRECT_REUSE_VERIFIED,VERIFIED_SOURCE_CELL_AND_DETERMINISTIC_NORMALIZATION,DN-to-D mapping only; wall thickness and pressure rating require separate design
350,14,355.6,GB/T 12459-2025,2025,C9655E2A265FC6A80A09DA58C01D7BCDC8E8A4051D036E780E2314B88D63D094,9,std_gb_t_12459_2025:p0009:t02,19,82A0B0A53FADF476595D1C45979B302368C87B6EF2636E0AC384641A84DE7FDD,CC7ADD2ED387A9C9048D2B182B36905C2C3F3F736C6655417F41319D4E17FECC,DIRECT_REUSE_VERIFIED,VERIFIED_SOURCE_CELL_AND_DETERMINISTIC_NORMALIZATION,DN-to-D mapping only; wall thickness and pressure rating require separate design
400,16,406.4,GB/T 12459-2025,2025,C9655E2A265FC6A80A09DA58C01D7BCDC8E8A4051D036E780E2314B88D63D094,9,std_gb_t_12459_2025:p0009:t02,20,82A0B0A53FADF476595D1C45979B302368C87B6EF2636E0AC384641A84DE7FDD,CC7ADD2ED387A9C9048D2B182B36905C2C3F3F736C6655417F41319D4E17FECC,DIRECT_REUSE_VERIFIED,VERIFIED_SOURCE_CELL_AND_DETERMINISTIC_NORMALIZATION,DN-to-D mapping only; wall thickness and pressure rating require separate design
450,18,457,GB/T 12459-2025,2025,C9655E2A265FC6A80A09DA58C01D7BCDC8E8A4051D036E780E2314B88D63D094,10,std_gb_t_12459_2025:p0010:t01,4,38F783F4393FF1D227C9D0819460139949499EBCB590228ACCD217B5A1BA7469,1332532E891818EB6B42B2B150892DACF8967B9DFB943FF5D4AB0690B116C76E,DIRECT_REUSE_VERIFIED,VERIFIED_SOURCE_CELL_AND_DETERMINISTIC_NORMALIZATION,DN-to-D mapping only; wall thickness and pressure rating require separate design
500,20,508,GB/T 12459-2025,2025,C9655E2A265FC6A80A09DA58C01D7BCDC8E8A4051D036E780E2314B88D63D094,10,std_gb_t_12459_2025:p0010:t01,5,38F783F4393FF1D227C9D0819460139949499EBCB590228ACCD217B5A1BA7469,1332532E891818EB6B42B2B150892DACF8967B9DFB943FF5D4AB0690B116C76E,DIRECT_REUSE_VERIFIED,VERIFIED_SOURCE_CELL_AND_DETERMINISTIC_NORMALIZATION,DN-to-D mapping only; wall thickness and pressure rating require separate design
550,22,559,GB/T 12459-2025,2025,C9655E2A265FC6A80A09DA58C01D7BCDC8E8A4051D036E780E2314B88D63D094,10,std_gb_t_12459_2025:p0010:t01,6,38F783F4393FF1D227C9D0819460139949499EBCB590228ACCD217B5A1BA7469,1332532E891818EB6B42B2B150892DACF8967B9DFB943FF5D4AB0690B116C76E,DIRECT_REUSE_VERIFIED,VERIFIED_SOURCE_CELL_AND_DETERMINISTIC_NORMALIZATION,DN-to-D mapping only; wall thickness and pressure rating require separate design
600,24,610,GB/T 12459-2025,2025,C9655E2A265FC6A80A09DA58C01D7BCDC8E8A4051D036E780E2314B88D63D094,10,std_gb_t_12459_2025:p0010:t01,7,38F783F4393FF1D227C9D0819460139949499EBCB590228ACCD217B5A1BA7469,1332532E891818EB6B42B2B150892DACF8967B9DFB943FF5D4AB0690B116C76E,DIRECT_REUSE_VERIFIED,VERIFIED_SOURCE_CELL_AND_DETERMINISTIC_NORMALIZATION,DN-to-D mapping only; wall thickness and pressure rating require separate design
650,26,660,GB/T 12459-2025,2025,C9655E2A265FC6A80A09DA58C01D7BCDC8E8A4051D036E780E2314B88D63D094,10,std_gb_t_12459_2025:p0010:t01,8,38F783F4393FF1D227C9D0819460139949499EBCB590228ACCD217B5A1BA7469,1332532E891818EB6B42B2B150892DACF8967B9DFB943FF5D4AB0690B116C76E,DIRECT_REUSE_VERIFIED,VERIFIED_SOURCE_CELL_AND_DETERMINISTIC_NORMALIZATION,DN-to-D mapping only; wall thickness and pressure rating require separate design
700,28,711,GB/T 12459-2025,2025,C9655E2A265FC6A80A09DA58C01D7BCDC8E8A4051D036E780E2314B88D63D094,10,std_gb_t_12459_2025:p0010:t01,9,38F783F4393FF1D227C9D0819460139949499EBCB590228ACCD217B5A1BA7469,1332532E891818EB6B42B2B150892DACF8967B9DFB943FF5D4AB0690B116C76E,DIRECT_REUSE_VERIFIED,VERIFIED_SOURCE_CELL_AND_DETERMINISTIC_NORMALIZATION,DN-to-D mapping only; wall thickness and pressure rating require separate design
750,30,762,GB/T 12459-2025,2025,C9655E2A265FC6A80A09DA58C01D7BCDC8E8A4051D036E780E2314B88D63D094,10,std_gb_t_12459_2025:p0010:t01,10,38F783F4393FF1D227C9D0819460139949499EBCB590228ACCD217B5A1BA7469,1332532E891818EB6B42B2B150892DACF8967B9DFB943FF5D4AB0690B116C76E,DIRECT_REUSE_VERIFIED,VERIFIED_SOURCE_CELL_AND_DETERMINISTIC_NORMALIZATION,DN-to-D mapping only; wall thickness and pressure rating require separate design
800,32,813,GB/T 12459-2025,2025,C9655E2A265FC6A80A09DA58C01D7BCDC8E8A4051D036E780E2314B88D63D094,10,std_gb_t_12459_2025:p0010:t01,11,38F783F4393FF1D227C9D0819460139949499EBCB590228ACCD217B5A1BA7469,1332532E891818EB6B42B2B150892DACF8967B9DFB943FF5D4AB0690B116C76E,DIRECT_REUSE_VERIFIED,VERIFIED_SOURCE_CELL_AND_DETERMINISTIC_NORMALIZATION,DN-to-D mapping only; wall thickness and pressure rating require separate design
850,34,864,GB/T 12459-2025,2025,C9655E2A265FC6A80A09DA58C01D7BCDC8E8A4051D036E780E2314B88D63D094,10,std_gb_t_12459_2025:p0010:t01,12,38F783F4393FF1D227C9D0819460139949499EBCB590228ACCD217B5A1BA7469,1332532E891818EB6B42B2B150892DACF8967B9DFB943FF5D4AB0690B116C76E,DIRECT_REUSE_VERIFIED,VERIFIED_SOURCE_CELL_AND_DETERMINISTIC_NORMALIZATION,DN-to-D mapping only; wall thickness and pressure rating require separate design
900,36,914,GB/T 12459-2025,2025,C9655E2A265FC6A80A09DA58C01D7BCDC8E8A4051D036E780E2314B88D63D094,10,std_gb_t_12459_2025:p0010:t01,13,38F783F4393FF1D227C9D0819460139949499EBCB590228ACCD217B5A1BA7469,1332532E891818EB6B42B2B150892DACF8967B9DFB943FF5D4AB0690B116C76E,DIRECT_REUSE_VERIFIED,VERIFIED_SOURCE_CELL_AND_DETERMINISTIC_NORMALIZATION,DN-to-D mapping only; wall thickness and pressure rating require separate design
950,38,965,GB/T 12459-2025,2025,C9655E2A265FC6A80A09DA58C01D7BCDC8E8A4051D036E780E2314B88D63D094,10,std_gb_t_12459_2025:p0010:t01,14,38F783F4393FF1D227C9D0819460139949499EBCB590228ACCD217B5A1BA7469,1332532E891818EB6B42B2B150892DACF8967B9DFB943FF5D4AB0690B116C76E,DIRECT_REUSE_VERIFIED,VERIFIED_SOURCE_CELL_AND_DETERMINISTIC_NORMALIZATION,DN-to-D mapping only; wall thickness and pressure rating require separate design
1000,40,1016,GB/T 12459-2025,2025,C9655E2A265FC6A80A09DA58C01D7BCDC8E8A4051D036E780E2314B88D63D094,10,std_gb_t_12459_2025:p0010:t01,15,38F783F4393FF1D227C9D0819460139949499EBCB590228ACCD217B5A1BA7469,1332532E891818EB6B42B2B150892DACF8967B9DFB943FF5D4AB0690B116C76E,DIRECT_REUSE_VERIFIED,VERIFIED_SOURCE_CELL_AND_DETERMINISTIC_NORMALIZATION,DN-to-D mapping only; wall thickness and pressure rating require separate design
1050,42,1067,GB/T 12459-2025,2025,C9655E2A265FC6A80A09DA58C01D7BCDC8E8A4051D036E780E2314B88D63D094,10,std_gb_t_12459_2025:p0010:t01,16,38F783F4393FF1D227C9D0819460139949499EBCB590228ACCD217B5A1BA7469,1332532E891818EB6B42B2B150892DACF8967B9DFB943FF5D4AB0690B116C76E,DIRECT_REUSE_VERIFIED,VERIFIED_SOURCE_CELL_AND_DETERMINISTIC_NORMALIZATION,DN-to-D mapping only; wall thickness and pressure rating require separate design
1100,44,1118,GB/T 12459-2025,2025,C9655E2A265FC6A80A09DA58C01D7BCDC8E8A4051D036E780E2314B88D63D094,10,std_gb_t_12459_2025:p0010:t01,17,38F783F4393FF1D227C9D0819460139949499EBCB590228ACCD217B5A1BA7469,1332532E891818EB6B42B2B150892DACF8967B9DFB943FF5D4AB0690B116C76E,DIRECT_REUSE_VERIFIED,VERIFIED_SOURCE_CELL_AND_DETERMINISTIC_NORMALIZATION,DN-to-D mapping only; wall thickness and pressure rating require separate design
1150,46,1168,GB/T 12459-2025,2025,C9655E2A265FC6A80A09DA58C01D7BCDC8E8A4051D036E780E2314B88D63D094,10,std_gb_t_12459_2025:p0010:t01,18,38F783F4393FF1D227C9D0819460139949499EBCB590228ACCD217B5A1BA7469,1332532E891818EB6B42B2B150892DACF8967B9DFB943FF5D4AB0690B116C76E,DIRECT_REUSE_VERIFIED,VERIFIED_SOURCE_CELL_AND_DETERMINISTIC_NORMALIZATION,DN-to-D mapping only; wall thickness and pressure rating require separate design
1200,48,1219,GB/T 12459-2025,2025,C9655E2A265FC6A80A09DA58C01D7BCDC8E8A4051D036E780E2314B88D63D094,10,std_gb_t_12459_2025:p0010:t01,19,38F783F4393FF1D227C9D0819460139949499EBCB590228ACCD217B5A1BA7469,1332532E891818EB6B42B2B150892DACF8967B9DFB943FF5D4AB0690B116C76E,DIRECT_REUSE_VERIFIED,VERIFIED_SOURCE_CELL_AND_DETERMINISTIC_NORMALIZATION,DN-to-D mapping only; wall thickness and pressure rating require separate design
1300,52,1321,GB/T 12459-2025,2025,C9655E2A265FC6A80A09DA58C01D7BCDC8E8A4051D036E780E2314B88D63D094,10,std_gb_t_12459_2025:p0010:t01,20,38F783F4393FF1D227C9D0819460139949499EBCB590228ACCD217B5A1BA7469,1332532E891818EB6B42B2B150892DACF8967B9DFB943FF5D4AB0690B116C76E,DIRECT_REUSE_VERIFIED,VERIFIED_SOURCE_CELL_AND_DETERMINISTIC_NORMALIZATION,DN-to-D mapping only; wall thickness and pressure rating require separate design
1400,56,1422,GB/T 12459-2025,2025,C9655E2A265FC6A80A09DA58C01D7BCDC8E8A4051D036E780E2314B88D63D094,10,std_gb_t_12459_2025:p0010:t01,21,38F783F4393FF1D227C9D0819460139949499EBCB590228ACCD217B5A1BA7469,1332532E891818EB6B42B2B150892DACF8967B9DFB943FF5D4AB0690B116C76E,DIRECT_REUSE_VERIFIED,VERIFIED_SOURCE_CELL_AND_DETERMINISTIC_NORMALIZATION,DN-to-D mapping only; wall thickness and pressure rating require separate design
1500,60,1524,GB/T 12459-2025,2025,C9655E2A265FC6A80A09DA58C01D7BCDC8E8A4051D036E780E2314B88D63D094,10,std_gb_t_12459_2025:p0010:t01,22,38F783F4393FF1D227C9D0819460139949499EBCB590228ACCD217B5A1BA7469,1332532E891818EB6B42B2B150892DACF8967B9DFB943FF5D4AB0690B116C76E,DIRECT_REUSE_VERIFIED,VERIFIED_SOURCE_CELL_AND_DETERMINISTIC_NORMALIZATION,DN-to-D mapping only; wall thickness and pressure rating require separate design
1600,64,1626,GB/T 12459-2025,2025,C9655E2A265FC6A80A09DA58C01D7BCDC8E8A4051D036E780E2314B88D63D094,10,std_gb_t_12459_2025:p0010:t01,23,38F783F4393FF1D227C9D0819460139949499EBCB590228ACCD217B5A1BA7469,1332532E891818EB6B42B2B150892DACF8967B9DFB943FF5D4AB0690B116C76E,DIRECT_REUSE_VERIFIED,VERIFIED_SOURCE_CELL_AND_DETERMINISTIC_NORMALIZATION,DN-to-D mapping only; wall thickness and pressure rating require separate design
1700,68,1727,GB/T 12459-2025,2025,C9655E2A265FC6A80A09DA58C01D7BCDC8E8A4051D036E780E2314B88D63D094,10,std_gb_t_12459_2025:p0010:t01,24,38F783F4393FF1D227C9D0819460139949499EBCB590228ACCD217B5A1BA7469,1332532E891818EB6B42B2B150892DACF8967B9DFB943FF5D4AB0690B116C76E,DIRECT_REUSE_VERIFIED,VERIFIED_SOURCE_CELL_AND_DETERMINISTIC_NORMALIZATION,DN-to-D mapping only; wall thickness and pressure rating require separate design
1800,72,1829,GB/T 12459-2025,2025,C9655E2A265FC6A80A09DA58C01D7BCDC8E8A4051D036E780E2314B88D63D094,10,std_gb_t_12459_2025:p0010:t01,25,38F783F4393FF1D227C9D0819460139949499EBCB590228ACCD217B5A1BA7469,1332532E891818EB6B42B2B150892DACF8967B9DFB943FF5D4AB0690B116C76E,DIRECT_REUSE_VERIFIED,VERIFIED_SOURCE_CELL_AND_DETERMINISTIC_NORMALIZATION,DN-to-D mapping only; wall thickness and pressure rating require separate design
1900,76,1930,GB/T 12459-2025,2025,C9655E2A265FC6A80A09DA58C01D7BCDC8E8A4051D036E780E2314B88D63D094,10,std_gb_t_12459_2025:p0010:t01,26,38F783F4393FF1D227C9D0819460139949499EBCB590228ACCD217B5A1BA7469,1332532E891818EB6B42B2B150892DACF8967B9DFB943FF5D4AB0690B116C76E,DIRECT_REUSE_VERIFIED,VERIFIED_SOURCE_CELL_AND_DETERMINISTIC_NORMALIZATION,DN-to-D mapping only; wall thickness and pressure rating require separate design
2000,80,2032,GB/T 12459-2025,2025,C9655E2A265FC6A80A09DA58C01D7BCDC8E8A4051D036E780E2314B88D63D094,10,std_gb_t_12459_2025:p0010:t01,27,38F783F4393FF1D227C9D0819460139949499EBCB590228ACCD217B5A1BA7469,1332532E891818EB6B42B2B150892DACF8967B9DFB943FF5D4AB0690B116C76E,DIRECT_REUSE_VERIFIED,VERIFIED_SOURCE_CELL_AND_DETERMINISTIC_NORMALIZATION,DN-to-D mapping only; wall thickness and pressure rating require separate design
2200,88,2235,GB/T 12459-2025,2025,C9655E2A265FC6A80A09DA58C01D7BCDC8E8A4051D036E780E2314B88D63D094,10,std_gb_t_12459_2025:p0010:t01,28,38F783F4393FF1D227C9D0819460139949499EBCB590228ACCD217B5A1BA7469,1332532E891818EB6B42B2B150892DACF8967B9DFB943FF5D4AB0690B116C76E,DIRECT_REUSE_VERIFIED,VERIFIED_SOURCE_CELL_AND_DETERMINISTIC_NORMALIZATION,DN-to-D mapping only; wall thickness and pressure rating require separate design
2400,96,2438,GB/T 12459-2025,2025,C9655E2A265FC6A80A09DA58C01D7BCDC8E8A4051D036E780E2314B88D63D094,10,std_gb_t_12459_2025:p0010:t01,29,38F783F4393FF1D227C9D0819460139949499EBCB590228ACCD217B5A1BA7469,1332532E891818EB6B42B2B150892DACF8967B9DFB943FF5D4AB0690B116C76E,DIRECT_REUSE_VERIFIED,VERIFIED_SOURCE_CELL_AND_DETERMINISTIC_NORMALIZATION,DN-to-D mapping only; wall thickness and pressure rating require separate design
2600,104,2642,GB/T 12459-2025,2025,C9655E2A265FC6A80A09DA58C01D7BCDC8E8A4051D036E780E2314B88D63D094,10,std_gb_t_12459_2025:p0010:t01,30,38F783F4393FF1D227C9D0819460139949499EBCB590228ACCD217B5A1BA7469,1332532E891818EB6B42B2B150892DACF8967B9DFB943FF5D4AB0690B116C76E,DIRECT_REUSE_VERIFIED,VERIFIED_SOURCE_CELL_AND_DETERMINISTIC_NORMALIZATION,DN-to-D mapping only; wall thickness and pressure rating require separate design
2800,112,2845,GB/T 12459-2025,2025,C9655E2A265FC6A80A09DA58C01D7BCDC8E8A4051D036E780E2314B88D63D094,10,std_gb_t_12459_2025:p0010:t01,31,38F783F4393FF1D227C9D0819460139949499EBCB590228ACCD217B5A1BA7469,1332532E891818EB6B42B2B150892DACF8967B9DFB943FF5D4AB0690B116C76E,DIRECT_REUSE_VERIFIED,VERIFIED_SOURCE_CELL_AND_DETERMINISTIC_NORMALIZATION,DN-to-D mapping only; wall thickness and pressure rating require separate design
3000,120,3048,GB/T 12459-2025,2025,C9655E2A265FC6A80A09DA58C01D7BCDC8E8A4051D036E780E2314B88D63D094,10,std_gb_t_12459_2025:p0010:t01,32,38F783F4393FF1D227C9D0819460139949499EBCB590228ACCD217B5A1BA7469,1332532E891818EB6B42B2B150892DACF8967B9DFB943FF5D4AB0690B116C76E,DIRECT_REUSE_VERIFIED,VERIFIED_SOURCE_CELL_AND_DETERMINISTIC_NORMALIZATION,DN-to-D mapping only; wall thickness and pressure rating require separate design
3200,128,3251,GB/T 12459-2025,2025,C9655E2A265FC6A80A09DA58C01D7BCDC8E8A4051D036E780E2314B88D63D094,10,std_gb_t_12459_2025:p0010:t01,33,38F783F4393FF1D227C9D0819460139949499EBCB590228ACCD217B5A1BA7469,1332532E891818EB6B42B2B150892DACF8967B9DFB943FF5D4AB0690B116C76E,DIRECT_REUSE_VERIFIED,VERIFIED_SOURCE_CELL_AND_DETERMINISTIC_NORMALIZATION,DN-to-D mapping only; wall thickness and pressure rating require separate design
3400,136,3454,GB/T 12459-2025,2025,C9655E2A265FC6A80A09DA58C01D7BCDC8E8A4051D036E780E2314B88D63D094,10,std_gb_t_12459_2025:p0010:t01,34,38F783F4393FF1D227C9D0819460139949499EBCB590228ACCD217B5A1BA7469,1332532E891818EB6B42B2B150892DACF8967B9DFB943FF5D4AB0690B116C76E,DIRECT_REUSE_VERIFIED,VERIFIED_SOURCE_CELL_AND_DETERMINISTIC_NORMALIZATION,DN-to-D mapping only; wall thickness and pressure rating require separate design
